PassengerId,Survived,Pclass,Name,Sex,Age,SibSp,Parch,Fare,Embarked
1,0,1,Passenger_1,male,44.8,4,1,78.93,S
2,1,3,Passenger_2,male,38.6,1,4,60.88,Q
3,1,3,Passenger_3,female,39.6,3,3,15.95,S
4,0,3,Passenger_4,male,10.9,2,3,1.81,S
5,0,3,Passenger_5,male,47.0,0,4,20.68,S
6,0,3,Passenger_6,female,,1,1,75.09,S
7,0,3,Passenger_7,male,24.8,0,3,40.95,C
8,1,3,Passenger_8,female,32.0,4,4,52.43,S
9,0,2,Passenger_9,male,5.1,2,1,,S
10,1,3,Passenger_10,male,35.7,0,4,75.9,S
11,0,1,Passenger_11,male,15.6,3,4,10.46,
12,1,3,Passenger_12,male,11.1,2,3,30.34,S
13,1,3,Passenger_13,female,8.7,3,1,62.55,S
14,0,1,Passenger_14,male,45.6,0,3,16.32,Q
15,0,3,Passenger_15,male,21.2,2,0,68.42,C
16,0,3,Passenger_16,male,,3,0,23.92,S
17,0,1,Passenger_17,male,22.5,4,1,13.22,C
18,0,3,Passenger_18,Male ,6.1,4,4,,S
19,0,3,Passenger_19,male,14.4,0,3,,S
20,0,1,Passenger_20,female,47.3,2,3,65.57,S
21,0,3,Passenger_21,female,27.8,1,1,80.55,C
22,0,2,Passenger_22,male,22.3,2,1,28.58,S
23,0,3,Passenger_23,female,32.2,4,0,69.04,C
24,0,3,Passenger_24,male,37.0,3,2,27.17,S
25,0,3,Passenger_25,male,45.6,1,1,31.12,S
26,1,3,Passenger_26,male,50.3,0,2,63.12,S
27,0,3,Passenger_27,female,25.0,1,1,39.11,S
28,0,3,Passenger_28,female,11.4,0,4,67.84,C
29,0,2,Passenger_29,,24.2,1,4,48.77,S
30,0,3,Passenger_30,female,33.6,0,0,55.05,C
31,0,1,Passenger_31,male,16.5,0,0,,S
32,0,3,Passenger_32,male,16.6,1,2,18.05,C
33,0,1,Passenger_33,male,34.8,1,1,27.79,S
34,1,1,Passenger_34,female,29.3,0,3,46.92,S
35,1,1,Passenger_35,male,30.5,4,0,105.12,S
36,1,3,Passenger_36,male,19.4,1,3,94.16,S
37,0,2,Passenger_37,male,26.8,2,3,30.4,S
38,0,3,Passenger_38,male,17.1,3,1,51.81,C
39,1,1,Passenger_39,male,42.5,0,2,41.37,S
40,0,2,Passenger_40,male,44.5,0,1,53.91,C
41,0,3,Passenger_41,female,4.2,3,0,,S
42,0,3,Passenger_42,male,17.0,4,3,65.83,S
43,0,2,Passenger_43,male,9.0,3,1,37.03,S
44,1,3,Passenger_44,Male ,20.9,1,1,60.99,S
45,0,3,Passenger_45,female,28.8,3,1,38.03,S
46,1,3,Passenger_46,female,9.7,0,0,28.85,S
47,0,1,Passenger_47,male,17.1,3,2,73.83,C
48,0,1,Passenger_48,female,15.9,2,1,94.0,S
49,0,3,Passenger_49,male,32.9,1,0,70.67,S
50,0,1,Passenger_50,male,31.0,3,3,34.44,S
51,1,3,Passenger_51,male,19.9,0,4,17.72,S
52,1,3,Passenger_52,male,32.5,1,0,40.19,C
53,1,3,Passenger_53,male,22.3,0,4,55.48,S
54,1,3,Passenger_54,female,26.2,4,1,67.37,S
55,0,3,Passenger_55,female,53.4,2,1,46.94,Q
56,1,2,Passenger_56,female,48.8,4,0,78.01,Q
57,0,3,Passenger_57,,11.8,2,4,10.39,S
58,0,2,Passenger_58,male,,3,1,44.86,S
59,0,3,Passenger_59,female,41.4,1,3,42.49,S
60,0,3,Passenger_60,male,13.9,3,2,46.7,S
61,0,3,Passenger_61,male,41.5,2,2,85.04,S
62,0,3,Passenger_62,male,51.5,2,1,46.85,Q
63,1,3,Passenger_63,female,14.3,2,4,41.16,S
64,0,2,Passenger_64,male,17.2,0,1,,C
65,0,2,Passenger_65,male,44.2,1,4,89.86,S
66,0,3,Passenger_66,female,33.8,3,3,1352.3,S
67,0,1,Passenger_67,male,37.7,3,4,33.41,S
68,1,1,Passenger_68,male,34.8,4,1,100.82,S
69,0,2,Passenger_69,male,35.5,2,3,64.05,S
70,1,2,Passenger_70,male,,2,0,49.39,C
71,1,2,Passenger_71,female,44.7,2,2,50.65,S
72,0,1,Passenger_72,male,46.4,3,1,21.61,Q
73,0,1,Passenger_73,male,26.8,4,1,47.94,S
74,1,1,Passenger_74,female,29.4,0,1,39.5,S
75,1,3,Passenger_75,female,,1,3,55.39,S
76,1,2,Passenger_76,,37.2,0,0,4.81,S
77,1,2,Passenger_77,male,38.0,3,4,61.94,S
78,0,3,Passenger_78,male,29.1,2,0,80.5,C
79,0,1,Passenger_79,female,45.7,1,3,,S
80,0,3,Passenger_80,female,25.3,3,1,69.41,S
81,1,3,Passenger_81,male,37.9,3,2,59.31,S
82,1,1,Passenger_82,male,15.7,3,1,31.77,S
83,0,2,Passenger_83,male,29.7,1,4,18.24,S
84,0,3,Passenger_84,female,27.6,1,2,22.45,S
85,0,3,Passenger_85,male,33.2,4,1,58.79,C
86,0,3,Passenger_86,male,24.8,4,2,48.32,S
87,1,3,Passenger_87,male,28.2,0,0,88.25,S
88,1,1,Passenger_88,,41.6,1,3,73.73,S
89,1,3,Passenger_89,female,23.9,1,1,73.66,S
90,0,1,Passenger_90,male,7.5,1,4,57.89,C
91,0,3,Passenger_91,female,54.5,4,0,21.13,C
92,1,3,Passenger_92,female,49.3,3,1,,Q
93,1,3,Passenger_93,male,11.9,2,0,51.92,S
94,0,3,Passenger_94,male,39.7,4,4,15.85,C
95,1,1,Passenger_95,male,23.0,1,1,86.3,S
96,0,1,Passenger_96,female,33.7,4,4,83.07,
97,0,1,Passenger_97,male,34.1,0,2,15.68,S
98,0,1,Passenger_98,male,26.7,1,4,30.87,S
99,0,3,Passenger_99,female,19.0,0,2,33.5,Q
100,0,2,Passenger_100,male,20.3,1,1,68.3,Q
101,0,1,Passenger_101,female,17.2,4,2,64.84,S
102,1,3,Passenger_102,male,18.4,3,1,51.33,Q
103,0,3,Passenger_103,male,29.1,2,1,58.22,S
104,0,3,Passenger_104,female,20.0,0,3,11.37,S
105,1,3,Passenger_105,female,39.5,4,1,61.44,S
106,0,1,Passenger_106,male,50.8,3,2,46.97,C
107,0,2,Passenger_107,female,21.9,4,3,29.63,S
108,1,3,Passenger_108,female,33.4,0,3,4.02,Q
109,0,3,Passenger_109,male,37.0,2,1,50.81,S
110,0,1,Passenger_110,female,36.6,4,4,60.71,S
111,0,3,Passenger_111,male,31.1,1,4,1.07,S
112,0,1,Passenger_112,male,40.4,3,3,50.55,S
113,1,1,Passenger_113,male,36.8,4,1,53.67,S
114,1,3,Passenger_114,female,,3,4,33.37,S
115,1,3,Passenger_115,female,42.2,1,1,61.4,S
116,1,3,Passenger_116,,42.4,2,1,,C
117,1,1,Passenger_117,male,19.3,2,3,58.5,S
118,0,3,Passenger_118,male,30.5,1,3,66.03,S
119,1,2,Passenger_119,,39.6,3,0,66.04,C
120,0,1,Passenger_120,female,27.1,4,4,1352.3,C
121,1,3,Passenger_121,female,45.0,1,4,60.15,C
122,1,3,Passenger_122,male,63.1,0,4,35.69,C
123,0,3,Passenger_123,female,19.0,3,2,30.57,S
124,0,3,Passenger_124,male,10.7,2,1,18.1,S
125,0,3,Passenger_125,female,34.3,1,3,54.54,S
126,0,3,Passenger_126,female,,2,4,89.64,S
127,1,1,Passenger_127,male,26.8,3,0,39.25,S
128,1,2,Passenger_128,male,50.3,2,4,63.49,Q
129,0,2,Passenger_129,,11.3,1,1,27.43,
130,0,2,Passenger_130,male,39.7,3,1,55.84,S
131,0,3,Passenger_131,male,21.5,0,3,87.78,S
132,0,3,Passenger_132,male,54.1,1,2,70.59,S
133,0,1,Passenger_133,male,57.9,4,3,2.88,S
134,0,1,Passenger_134,male,19.3,1,4,67.12,C
135,1,3,Passenger_135,female,22.3,3,0,68.49,S
136,0,1,Passenger_136,female,42.0,1,3,55.2,Q
137,0,3,Passenger_137,male,24.6,0,2,70.03,
138,1,3,Passenger_138,,29.4,0,3,24.99,S
139,0,3,Passenger_139,male,30.4,4,1,51.9,
140,1,3,Passenger_140,female,3.1,2,4,83.31,S
141,1,3,Passenger_141,,29.8,3,4,1352.3,C
142,0,2,Passenger_142,male,20.3,3,4,66.44,S
143,0,3,Passenger_143,female,23.1,2,4,23.51,S
144,0,3,Passenger_144,male,50.2,0,4,18.79,S
145,0,2,Passenger_145,male,12.4,0,4,53.44,C
146,0,3,Passenger_146,female,41.4,1,0,55.42,S
147,0,3,Passenger_147,male,26.1,4,2,46.99,S
148,0,3,Passenger_148,male,26.1,4,4,25.86,s
149,0,3,Passenger_149,male,41.1,4,2,63.11,C
150,0,3,Passenger_150,female,34.8,1,4,53.3,S
151,1,3,Passenger_151,male,38.0,4,3,58.69,S
152,0,3,Passenger_152,male,43.6,2,4,67.8,C
153,0,3,Passenger_153,female,,1,1,41.79,S
154,0,3,Passenger_154,female,21.4,2,0,35.34,S
155,1,3,Passenger_155,male,14.8,1,3,83.23,S
156,0,3,Passenger_156,male,18.4,4,3,27.28,S
157,1,1,Passenger_157,male,71.3,2,1,35.92,S
158,1,3,Passenger_158,male,150.0,2,4,87.03,S
159,0,3,Passenger_159,male,11.1,2,0,33.59,Q
160,1,1,Passenger_160,,11.5,1,3,47.04,S
161,0,3,Passenger_161,female,36.7,3,0,37.64,S
162,1,1,Passenger_162,male,37.7,4,3,3.5,S
163,1,2,Passenger_163,,37.7,2,4,46.3,S
164,0,3,Passenger_164,female,26.4,3,3,,S
165,0,1,Passenger_165,male,28.2,4,3,,S
166,1,3,Passenger_166,female,34.6,4,2,83.17,S
167,0,3,Passenger_167,male,31.2,2,4,16.43,
168,0,3,Passenger_168,male,0.0,2,1,37.79,S
169,0,1,Passenger_169,female,26.8,1,1,63.57,C
170,0,2,Passenger_170,male,18.1,3,4,15.5,
171,1,3,Passenger_171,,32.5,3,1,90.09,S
172,0,3,Passenger_172,male,71.8,2,4,61.4,s
173,0,3,Passenger_173,,35.1,4,1,82.5,S
174,0,2,Passenger_174,female,25.6,2,2,33.08,C
175,1,3,Passenger_175,male,42.9,4,1,,C
176,0,3,Passenger_176,female,36.8,4,3,45.17,C
177,1,3,Passenger_177,male,35.9,2,4,114.15,C
178,0,1,Passenger_178,male,38.5,0,0,89.54,C
179,1,3,Passenger_179,female,58.8,3,0,53.97,S
180,0,3,Passenger_180,male,14.2,4,4,57.63,S
181,0,3,Passenger_181,male,36.6,4,2,69.05,S
182,0,2,Passenger_182,male,17.0,0,1,121.75,S
183,1,3,Passenger_183,male,37.8,1,2,61.48,S
184,1,3,Passenger_184,male,17.1,0,0,51.38,
185,0,1,Passenger_185,female,24.2,0,4,39.84,C
186,1,3,Passenger_186,female,25.9,4,4,57.05,S
187,1,3,Passenger_187,female,43.7,3,2,32.39,S
188,0,1,Passenger_188,female,42.9,0,2,64.88,S
189,0,2,Passenger_189,female,150.0,1,1,,S
190,0,3,Passenger_190,female,30.8,2,3,42.18,S
191,0,1,Passenger_191,male,20.1,0,3,72.04,S
192,1,3,Passenger_192,female,12.4,0,1,,S
193,1,2,Passenger_193,female,27.0,1,3,36.12,S
194,1,3,Passenger_194,male,,3,0,,S
195,0,1,Passenger_195,male,64.0,0,3,81.06,S
196,0,3,Passenger_196,male,36.1,0,1,13.69,C
197,1,3,Passenger_197,male,10.7,3,3,,S
198,1,3,Passenger_198,female,22.1,1,4,22.11,
199,1,3,Passenger_199,male,44.3,0,2,49.68,S
200,1,1,Passenger_200,male,59.2,3,0,9.3,S
201,1,3,Passenger_201,female,7.8,0,4,78.59,S
202,0,1,Passenger_202,male,3.7,2,4,22.27,S
203,0,1,Passenger_203,male,56.2,4,1,56.73,
204,1,2,Passenger_204,male,35.5,2,2,32.63,S
205,0,3,Passenger_205,female,17.8,0,2,48.04,Q
206,0,3,Passenger_206,female,37.5,1,0,1.9,S
207,0,3,Passenger_207,male,0.0,4,1,80.04,S
208,1,3,Passenger_208,female,30.0,2,0,21.16,C
209,0,2,Passenger_209,,34.6,3,3,18.01,Q
210,0,3,Passenger_210,female,42.9,1,4,121.37,S
211,0,2,Passenger_211,,15.8,2,0,66.63,S
212,1,3,Passenger_212,female,31.2,3,4,78.87,S
213,1,1,Passenger_213,male,17.0,0,1,63.77,C
214,0,3,Passenger_214,female,33.6,3,3,36.43,S
215,1,3,Passenger_215,,17.5,2,1,10.79,S
216,0,1,Passenger_216,male,24.3,2,3,41.04,Q
217,0,1,Passenger_217,female,16.1,0,3,20.66,C
218,1,3,Passenger_218,male,39.1,3,4,22.46,S
219,1,3,Passenger_219,female,42.0,3,1,2.5,S
220,1,2,Passenger_220,male,26.7,0,1,53.43,S
221,1,3,Passenger_221,female,30.5,3,0,97.2,C
222,0,1,Passenger_222,male,9.7,0,1,66.74,S
223,0,2,Passenger_223,male,25.8,1,0,46.83,S
224,0,3,Passenger_224,male,29.3,2,2,48.78,Q
225,0,2,Passenger_225,male,66.7,1,2,41.43,S
226,0,3,Passenger_226,male,14.4,4,2,37.28,
227,1,2,Passenger_227,male,50.5,4,1,7.2,Q
228,0,2,Passenger_228,male,44.0,4,1,54.03,S
229,1,3,Passenger_229,male,33.9,0,0,42.2,
230,1,2,Passenger_230,male,54.6,3,3,23.92,S
231,1,3,Passenger_231,female,35.2,1,0,53.36,Q
232,0,1,Passenger_232,male,35.4,1,2,53.1,C
233,0,1,Passenger_233,female,29.3,1,0,95.56,S
234,0,1,Passenger_234,female,47.1,1,3,70.59,S
235,0,3,Passenger_235,female,45.4,4,1,56.51,C
236,1,2,Passenger_236,male,21.2,1,0,21.57,C
237,0,3,Passenger_237,female,11.5,3,2,17.8,C
238,0,3,Passenger_238,male,27.2,4,2,67.97,S
239,1,3,Passenger_239,male,18.8,1,1,44.0,S
240,0,1,Passenger_240,male,29.1,0,0,57.48,S
241,1,3,Passenger_241,female,47.3,2,3,79.34,C
242,1,3,Passenger_242,male,23.6,2,1,4.61,S
243,1,3,Passenger_243,male,29.4,2,0,91.91,C
244,0,3,Passenger_244,female,30.8,4,4,79.08,S
245,0,3,Passenger_245,female,41.9,1,2,11.63,S
246,1,3,Passenger_246,male,0.0,4,3,120.59,S
247,0,1,Passenger_247,male,21.5,3,3,59.64,S
248,1,1,Passenger_248,female,33.0,0,3,35.64,C
249,1,3,Passenger_249,male,46.8,0,2,65.57,C
250,1,3,Passenger_250,male,,2,0,20.68,S
251,0,3,Passenger_251,male,3.7,2,1,66.38,
252,0,3,Passenger_252,female,38.7,2,0,26.2,S
253,1,1,Passenger_253,female,21.1,1,1,110.61,S
254,0,1,Passenger_254,female,13.3,3,3,51.8,S
255,0,3,Passenger_255,female,21.3,3,0,69.49,C
256,0,2,Passenger_256,male,27.4,3,3,26.42,C
257,1,1,Passenger_257,male,21.5,3,4,74.49,S
258,1,3,Passenger_258,male,0.0,2,3,49.62,C
259,0,1,Passenger_259,male,42.6,0,3,7.64,S
260,0,3,Passenger_260,male,47.8,2,1,42.84,
261,0,2,Passenger_261,female,39.1,3,4,107.93,S
262,1,3,Passenger_262,male,14.1,2,3,75.77,S
263,0,2,Passenger_263,female,27.2,3,3,38.63,
264,0,3,Passenger_264,male,29.9,4,4,6.07,Q
265,1,1,Passenger_265,male,38.4,0,4,25.03,S
266,1,1,Passenger_266,male,39.4,4,0,7.81,
267,1,2,Passenger_267,male,19.7,1,1,5.35,C
268,1,3,Passenger_268,female,31.1,2,4,73.57,S
269,0,3,Passenger_269,male,36.4,1,4,51.87,C
270,0,2,Passenger_270,male,50.4,2,2,103.85,S
271,1,3,Passenger_271,male,39.9,4,4,,S
272,1,3,Passenger_272,male,41.0,3,1,49.93,C
273,1,3,Passenger_273,male,31.2,3,3,8.17,S
274,1,1,Passenger_274,female,49.7,2,3,32.15,S
275,0,3,Passenger_275,female,,3,3,43.34,Q
276,0,1,Passenger_276,male,,4,3,38.76,S
277,1,2,Passenger_277,female,49.6,3,2,51.61,Q
278,1,3,Passenger_278,male,39.8,4,4,,Q
279,1,1,Passenger_279,male,23.8,1,3,75.99,C
280,1,3,Passenger_280,male,23.3,4,0,26.92,S
281,1,3,Passenger_281,male,34.2,0,3,49.09,Q
282,0,3,Passenger_282,,36.5,0,4,73.82,S
283,0,3,Passenger_283,male,,0,3,,S
284,0,1,Passenger_284,male,34.4,2,2,30.17,S
285,0,2,Passenger_285,male,53.8,2,1,71.24,S
286,0,3,Passenger_286,male,45.0,2,1,59.93,S
287,0,1,Passenger_287,female,,4,4,18.02,S
288,0,2,Passenger_288,male,43.2,2,1,74.0,S
289,0,1,Passenger_289,male,15.5,1,1,54.55,Q
290,0,1,Passenger_290,male,35.6,0,0,2.24,S
291,0,2,Passenger_291,male,,4,4,41.18,C
292,0,1,Passenger_292,male,26.9,0,4,51.2,S
293,1,3,Passenger_293,male,18.1,2,1,31.83,
294,0,3,Passenger_294,male,20.9,4,1,86.85,s
295,0,3,Passenger_295,male,14.7,3,1,87.93,C
296,0,1,Passenger_296,,19.0,1,2,38.53,S
297,1,1,Passenger_297,male,24.8,2,3,35.23,S
298,0,1,Passenger_298,male,10.3,2,2,46.06,S
299,1,3,Passenger_299,male,30.2,1,4,44.0,S
300,0,3,Passenger_300,male,42.6,1,0,32.22,C
301,0,1,Passenger_301,female,17.3,3,3,61.26,C
302,0,3,Passenger_302,male,51.3,2,0,102.64,S
303,0,1,Passenger_303,male,37.2,2,4,50.01,S
304,1,3,Passenger_304,male,44.4,0,4,44.65,S
305,1,3,Passenger_305,female,20.8,4,0,59.76,C
306,1,3,Passenger_306,male,42.0,4,0,47.6,S
307,0,3,Passenger_307,male,14.7,0,0,37.09,S
308,0,3,Passenger_308,male,42.5,4,4,19.83,S
309,1,2,Passenger_309,male,32.4,1,1,5.16,S
310,0,3,Passenger_310,male,37.7,4,0,9.37,S
311,0,1,Passenger_311,male,13.5,4,3,16.5,S
312,0,3,Passenger_312,female,17.5,0,4,69.53,C
313,0,3,Passenger_313,,38.4,3,2,71.74,C
314,1,3,Passenger_314,female,16.7,4,2,23.55,S
315,1,3,Passenger_315,female,36.5,4,3,29.91,S
316,1,3,Passenger_316,male,10.9,3,1,50.27,S
317,0,3,Passenger_317,male,41.9,0,0,37.35,S
318,0,3,Passenger_318,male,12.7,3,4,36.61,S
319,0,1,Passenger_319,male,37.7,0,0,78.68,S
320,0,1,Passenger_320,male,38.8,1,4,54.16,Q
321,0,2,Passenger_321,female,,0,2,20.71,C
322,1,1,Passenger_322,female,38.1,1,0,13.81,C
323,1,3,Passenger_323,male,33.6,1,3,42.12,S
324,0,1,Passenger_324,male,22.5,0,1,22.81,S
325,1,3,Passenger_325,female,15.9,2,3,47.83,C
326,1,2,Passenger_326,female,2.5,0,1,80.78,S
327,0,1,Passenger_327,,34.9,4,0,8.61,C
328,0,3,Passenger_328,male,8.1,4,0,52.63,S
329,0,3,Passenger_329,male,31.3,2,1,77.45,S
330,0,3,Passenger_330,male,26.3,1,2,47.41,S
331,0,3,Passenger_331,male,39.5,2,4,71.65,C
332,1,3,Passenger_332,male,25.8,4,3,41.38,S
333,0,1,Passenger_333,male,25.4,2,3,55.12,S
334,0,3,Passenger_334,female,40.2,0,3,63.22,Q
335,0,3,Passenger_335,male,34.7,2,0,32.84,C
336,0,3,Passenger_336,male,34.4,1,3,109.72,S
337,1,1,Passenger_337,male,36.6,0,4,67.33,S
338,1,3,Passenger_338,male,8.5,3,4,,S
339,0,1,Passenger_339,male,40.6,4,1,82.13,S
340,0,1,Passenger_340,male,38.6,4,0,59.82,S
341,0,2,Passenger_341,female,15.8,2,4,,C
342,0,3,Passenger_342,male,26.6,0,2,55.64,C
343,0,3,Passenger_343,male,29.4,3,0,28.11,S
344,0,3,Passenger_344,male,28.1,0,0,50.44,S
345,0,3,Passenger_345,female,34.7,4,4,19.81,S
346,0,2,Passenger_346,female,50.0,0,2,13.05,S
347,1,2,Passenger_347,female,45.1,3,1,24.42,S
348,0,2,Passenger_348,male,11.6,2,4,52.19,S
349,0,3,Passenger_349,,38.7,1,2,81.86,S
350,1,1,Passenger_350,male,48.6,0,0,24.33,S
351,0,3,Passenger_351,male,35.4,1,2,80.3,C
352,1,3,Passenger_352,female,45.3,4,0,13.68,S
353,1,2,Passenger_353,,58.2,2,4,22.41,C
354,0,3,Passenger_354,female,44.3,2,4,93.47,S
355,0,3,Passenger_355,female,33.5,0,3,51.43,S
356,1,3,Passenger_356,male,,2,3,44.79,S
357,0,3,Passenger_357,female,32.0,0,3,,S
358,0,2,Passenger_358,male,,0,4,13.81,C
359,1,2,Passenger_359,male,25.1,1,1,40.07,Q
360,0,3,Passenger_360,male,51.9,2,4,50.08,
361,0,3,Passenger_361,male,18.5,0,2,86.94,S
362,1,1,Passenger_362,male,51.5,1,4,0.11,S
363,0,3,Passenger_363,male,37.0,3,4,102.89,S
364,0,3,Passenger_364,male,10.4,1,0,46.26,S
365,1,3,Passenger_365,male,35.1,1,0,16.68,S
366,0,1,Passenger_366,male,0.6,0,0,,C
367,1,3,Passenger_367,male,38.8,4,4,58.19,S
368,1,3,Passenger_368,male,42.4,4,1,9.58,S
369,0,1,Passenger_369,male,21.7,4,2,33.2,S
370,0,1,Passenger_370,female,,1,2,42.5,S
371,0,3,Passenger_371,female,57.4,0,1,84.31,S
372,0,1,Passenger_372,female,22.9,2,1,,S
373,0,3,Passenger_373,female,15.2,1,2,30.71,Q
374,1,3,Passenger_374,male,50.7,1,3,43.62,S
375,0,2,Passenger_375,female,57.5,0,0,2.14,S
376,0,3,Passenger_376,male,30.1,3,0,11.17,C
377,1,3,Passenger_377,male,44.2,1,2,13.13,S
378,0,3,Passenger_378,female,48.8,3,1,83.69,S
379,1,2,Passenger_379,male,19.6,3,3,73.4,S
380,0,3,Passenger_380,female,23.2,4,2,61.5,C
381,0,1,Passenger_381,female,47.2,0,0,6.27,S
382,1,2,Passenger_382,female,53.6,3,4,28.65,C
383,1,3,Passenger_383,female,37.9,0,1,24.27,C
384,1,2,Passenger_384,male,17.7,4,4,45.02,
385,1,3,Passenger_385,male,57.8,0,2,43.13,S
386,1,2,Passenger_386,male,,1,0,19.94,C
387,0,3,Passenger_387,male,25.3,3,3,60.48,S
388,0,1,Passenger_388,male,34.8,0,4,56.87,Q
389,1,3,Passenger_389,female,51.8,2,3,28.14,S
390,1,3,Passenger_390,female,42.0,0,0,59.13,S
391,1,1,Passenger_391,male,35.8,3,4,83.73,S
392,0,1,Passenger_392,male,36.5,4,3,92.84,S
393,0,1,Passenger_393,male,30.6,4,3,64.72,S
394,1,3,Passenger_394,male,37.8,3,4,63.84,S
395,0,2,Passenger_395,female,0.0,1,0,42.8,S
396,1,3,Passenger_396,male,25.8,1,3,80.89,C
397,1,2,Passenger_397,,,4,2,17.89,Q
398,0,2,Passenger_398,male,13.9,4,4,77.42,Q
399,1,3,Passenger_399,male,35.4,3,1,41.37,S
400,1,3,Passenger_400,male,27.1,1,1,94.73,S
401,0,1,Passenger_401,male,54.6,4,0,67.65,S
402,1,1,Passenger_402,male,52.0,1,2,47.96,S
403,0,1,Passenger_403,male,23.5,4,3,42.91,S
404,1,3,Passenger_404,male,27.9,0,1,65.77,S
405,0,3,Passenger_405,female,29.0,2,0,64.31,S
406,1,3,Passenger_406,male,23.7,0,2,38.05,Q
407,0,3,Passenger_407,male,32.7,4,2,52.76,S
408,0,3,Passenger_408,male,19.4,2,0,76.89,Q
409,1,3,Passenger_409,female,14.2,2,0,9.1,S
410,0,3,Passenger_410,male,38.7,4,3,71.78,Q
411,0,1,Passenger_411,female,38.8,4,0,65.64,
412,1,1,Passenger_412,male,18.7,1,3,85.6,S
413,1,2,Passenger_413,male,42.5,4,3,28.53,C
414,0,1,Passenger_414,male,21.2,3,4,50.17,Q
415,1,3,Passenger_415,male,33.5,4,2,56.15,S
416,0,3,Passenger_416,female,41.5,3,2,72.16,S
417,0,1,Passenger_417,male,29.5,4,2,62.87,S
418,0,1,Passenger_418,male,36.4,1,4,12.81,S
419,1,3,Passenger_419,male,22.8,3,3,58.73,S
420,1,3,Passenger_420,male,27.2,0,3,110.13,S
421,1,2,Passenger_421,male,27.1,3,0,68.35,S
422,1,3,Passenger_422,male,19.5,1,4,99.14,S
423,0,1,Passenger_423,female,27.5,3,0,81.29,S
424,0,1,Passenger_424,male,8.3,4,4,90.87,S
425,0,3,Passenger_425,male,23.1,4,0,59.3,S
426,0,3,Passenger_426,female,26.0,1,1,65.66,S
427,0,1,Passenger_427,male,26.4,2,2,57.67,
428,1,3,Passenger_428,female,,4,2,50.13,S
429,0,3,Passenger_429,male,29.1,0,3,72.27,S
430,0,3,Passenger_430,female,36.7,1,1,34.37,
431,0,3,Passenger_431,male,42.2,3,2,106.56,S
432,1,3,Passenger_432,female,20.9,3,3,22.16,S
433,0,3,Passenger_433,,13.2,0,1,74.34,Q
434,0,3,Passenger_434,male,15.4,4,2,91.36,S
435,0,1,Passenger_435,female,23.2,1,0,44.7,S
436,1,1,Passenger_436,male,25.1,0,4,16.61,C
437,0,2,Passenger_437,male,19.2,4,1,84.67,S
438,1,3,Passenger_438,male,11.9,1,3,56.1,S
439,1,1,Passenger_439,male,23.6,3,1,74.4,C
440,0,3,Passenger_440,male,32.5,1,3,46.72,C
441,0,3,Passenger_441,male,38.3,2,1,101.96,S
442,1,1,Passenger_442,male,22.2,1,3,13.51,S
443,0,3,Passenger_443,female,24.2,2,2,61.29,Q
444,0,3,Passenger_444,female,17.0,1,0,90.25,S
445,1,3,Passenger_445,male,29.6,2,2,53.16,S
446,1,1,Passenger_446,male,150.0,3,0,59.07,S
447,1,3,Passenger_447,male,38.0,4,2,36.98,S
448,1,3,Passenger_448,,5.0,2,2,50.62,S
449,0,3,Passenger_449,male,25.0,2,1,0.16,
450,0,3,Passenger_450,male,,3,4,,Q
451,1,3,Passenger_451,male,32.6,2,3,26.4,S
452,0,3,Passenger_452,female,67.7,0,3,70.07,S
453,0,3,Passenger_453,male,34.9,3,3,32.86,C
454,1,3,Passenger_454,male,15.9,0,0,33.73,S
455,0,1,Passenger_455,male,28.7,3,3,38.66,S
456,0,3,Passenger_456,male,5.1,2,3,27.54,S
457,0,3,Passenger_457,male,28.9,0,1,58.07,S
458,0,3,Passenger_458,male,18.3,2,2,61.33,Q
459,0,1,Passenger_459,male,42.8,3,3,74.75,S
460,0,3,Passenger_460,male,22.3,2,4,69.58,S
461,0,2,Passenger_461,female,,0,3,66.58,Q
462,1,3,Passenger_462,female,,0,0,40.13,S
463,1,1,Passenger_463,male,54.3,2,0,38.21,
464,0,3,Passenger_464,male,25.5,1,0,23.86,C
465,1,3,Passenger_465,male,55.7,3,3,23.32,S
466,0,1,Passenger_466,male,41.4,3,1,55.83,S
467,0,3,Passenger_467,male,,2,4,,Q
468,1,2,Passenger_468,male,35.2,1,3,94.05,S
469,0,3,Passenger_469,male,35.5,0,1,48.87,S
470,1,3,Passenger_470,male,3.0,4,1,95.04,S
471,0,3,Passenger_471,male,26.1,4,3,67.15,Q
472,1,3,Passenger_472,female,41.8,2,3,26.68,s
473,0,3,Passenger_473,female,29.3,1,1,48.14,C
474,1,2,Passenger_474,female,10.3,1,1,0.2,S
475,0,2,Passenger_475,male,29.3,3,1,55.71,S
476,1,3,Passenger_476,female,53.9,0,3,29.43,S
477,0,3,Passenger_477,male,47.5,1,1,16.6,Q
478,0,3,Passenger_478,female,29.1,4,0,95.66,S
479,1,3,Passenger_479,,43.3,0,3,80.92,Q
480,0,2,Passenger_480,female,24.9,0,0,80.09,S
481,1,3,Passenger_481,male,6.1,2,2,73.46,S
482,1,1,Passenger_482,female,17.1,1,3,12.95,S
483,0,3,Passenger_483,Male ,51.9,2,2,37.99,S
484,1,1,Passenger_484,male,26.2,1,1,39.81,S
485,0,2,Passenger_485,male,26.6,3,1,1.29,S
486,1,2,Passenger_486,,25.8,2,4,33.29,S
487,0,2,Passenger_487,male,56.7,2,1,33.62,S
488,0,3,Passenger_488,female,52.8,4,2,53.78,S
489,1,2,Passenger_489,male,61.1,2,1,125.97,S
490,1,3,Passenger_490,male,,1,3,49.37,Q
491,0,1,Passenger_491,male,34.1,4,1,53.8,S
492,1,2,Passenger_492,male,8.8,2,4,42.49,S
493,0,1,Passenger_493,Male ,50.7,2,1,72.13,S
494,0,1,Passenger_494,male,13.7,3,2,,S
495,0,3,Passenger_495,,33.0,2,2,106.88,C
496,0,3,Passenger_496,male,14.6,0,1,46.28,S
497,0,3,Passenger_497,male,21.8,4,2,38.14,S
498,0,3,Passenger_498,female,18.3,0,2,79.1,S
499,1,2,Passenger_499,Male ,21.5,4,4,23.27,S
500,1,3,Passenger_500,male,22.5,3,3,,S
501,1,3,Passenger_501,female,22.3,2,4,92.16,Q
502,0,3,Passenger_502,female,41.7,2,0,42.76,S
503,0,1,Passenger_503,male,14.5,2,4,111.59,S
504,1,2,Passenger_504,female,,4,1,69.33,C
505,1,2,Passenger_505,male,47.1,2,3,69.7,S
506,0,2,Passenger_506,male,150.0,0,1,90.98,S
507,1,3,Passenger_507,female,19.9,2,0,98.92,S
508,1,3,Passenger_508,male,26.8,3,3,57.86,S
509,1,3,Passenger_509,female,46.5,0,2,73.91,S
510,1,3,Passenger_510,female,32.7,2,4,91.89,S
511,0,3,Passenger_511,male,22.6,2,1,15.15,S
512,0,3,Passenger_512,female,36.8,1,0,1.89,S
513,1,3,Passenger_513,male,14.6,4,2,48.27,S
514,1,1,Passenger_514,male,39.5,0,4,2.6,Q
515,0,1,Passenger_515,male,35.7,1,2,,S
516,0,1,Passenger_516,female,25.7,3,4,59.43,S
517,0,3,Passenger_517,male,18.3,4,3,41.73,S
518,1,3,Passenger_518,male,,0,2,45.75,C
519,1,2,Passenger_519,female,,2,2,19.95,S
520,0,3,Passenger_520,female,47.2,0,2,73.64,C
521,0,1,Passenger_521,female,21.1,2,3,18.1,S
522,0,3,Passenger_522,male,36.4,4,0,13.09,S
523,1,2,Passenger_523,male,0.8,2,4,43.78,C
524,1,1,Passenger_524,male,21.8,3,2,77.45,S
525,1,3,Passenger_525,female,29.6,2,3,52.39,C
526,0,2,Passenger_526,male,17.3,3,0,15.06,S
527,0,2,Passenger_527,male,,4,4,53.06,S
528,0,2,Passenger_528,female,20.7,4,3,63.15,S
529,0,3,Passenger_529,male,34.1,0,4,52.71,S
530,1,3,Passenger_530,female,27.4,3,2,42.06,C
531,1,2,Passenger_531,female,0.0,3,0,64.58,s
532,1,3,Passenger_532,female,0.3,1,3,2.15,C
533,1,3,Passenger_533,male,21.5,1,0,23.18,S
534,0,2,Passenger_534,,36.4,1,2,10.84,C
535,1,2,Passenger_535,female,0.0,2,0,90.45,S
536,1,1,Passenger_536,female,23.0,1,0,71.36,S
537,1,1,Passenger_537,female,22.6,3,1,55.55,S
538,0,3,Passenger_538,male,49.4,2,0,6.48,S
539,0,1,Passenger_539,female,24.6,4,4,72.32,S
540,0,3,Passenger_540,female,35.4,0,3,91.6,C
541,1,3,Passenger_541,female,32.0,1,1,67.14,C
542,0,1,Passenger_542,female,0.2,4,3,48.94,S
543,0,3,Passenger_543,female,40.8,3,3,68.95,S
544,1,2,Passenger_544,male,33.0,0,2,58.19,S
545,0,3,Passenger_545,male,37.1,4,2,77.78,C
546,0,3,Passenger_546,male,80.0,0,1,77.11,S
547,0,3,Passenger_547,male,0.8,1,2,,Q
548,1,3,Passenger_548,male,54.1,3,2,30.18,S
549,0,1,Passenger_549,male,26.0,0,2,38.01,S
550,1,3,Passenger_550,male,34.0,4,3,66.08,C
551,0,3,Passenger_551,male,29.4,1,1,39.82,S
552,1,3,Passenger_552,male,24.1,1,3,27.48,S
553,0,3,Passenger_553,female,22.0,4,4,49.97,S
554,0,3,Passenger_554,female,34.6,4,3,83.22,
555,1,1,Passenger_555,male,8.8,0,4,54.05,S
556,0,1,Passenger_556,female,40.5,2,0,41.71,S
557,0,3,Passenger_557,male,24.2,1,0,59.61,S
558,0,2,Passenger_558,male,14.2,0,4,52.52,S
559,1,3,Passenger_559,male,23.7,4,4,8.01,C
560,1,3,Passenger_560,male,47.6,0,3,70.9,C
561,1,2,Passenger_561,female,22.5,4,4,62.22,S
562,0,1,Passenger_562,female,35.0,3,1,50.49,C
563,0,3,Passenger_563,male,19.8,4,0,81.87,s
564,0,2,Passenger_564,,40.6,4,0,86.39,S
565,0,3,Passenger_565,male,39.6,4,4,73.96,S
566,0,2,Passenger_566,male,55.9,2,2,24.49,Q
567,0,3,Passenger_567,male,27.5,4,2,25.53,S
568,0,1,Passenger_568,male,39.4,1,4,83.52,S
569,1,3,Passenger_569,female,31.4,1,1,6.32,C
570,0,3,Passenger_570,female,48.1,0,2,45.53,S
571,0,3,Passenger_571,male,19.9,2,4,63.19,S
572,1,1,Passenger_572,female,40.4,0,1,2.51,S
573,0,3,Passenger_573,male,27.3,1,1,57.03,S
574,1,3,Passenger_574,male,29.1,1,3,78.63,C
575,1,1,Passenger_575,male,31.3,3,1,5.43,S
576,1,1,Passenger_576,male,33.5,4,2,99.75,S
577,0,1,Passenger_577,female,28.4,1,2,19.71,S
578,1,3,Passenger_578,male,33.0,0,4,67.24,S
579,0,3,Passenger_579,male,52.1,0,4,47.49,S
580,0,3,Passenger_580,male,43.8,4,1,52.09,
581,0,1,Passenger_581,male,42.2,4,0,11.5,Q
582,1,2,Passenger_582,female,23.6,3,3,87.81,Q
583,0,3,Passenger_583,male,17.6,2,0,59.78,S
584,0,3,Passenger_584,male,43.4,0,1,98.63,C
585,1,3,Passenger_585,male,42.3,4,1,12.28,S
586,0,1,Passenger_586,male,50.6,0,0,44.56,S
587,0,3,Passenger_587,male,21.5,4,3,56.29,S
588,0,2,Passenger_588,female,26.8,1,0,51.81,S
589,0,2,Passenger_589,male,7.0,0,4,70.0,Q
590,0,3,Passenger_590,female,24.5,1,2,44.18,C
591,0,3,Passenger_591,female,44.0,0,4,113.66,S
592,1,3,Passenger_592,female,23.5,2,2,51.2,S
593,0,1,Passenger_593,male,39.0,3,1,36.52,S
594,0,1,Passenger_594,male,27.3,1,3,52.53,S
595,1,3,Passenger_595,male,,4,0,87.84,C
596,0,3,Passenger_596,female,13.9,2,3,22.3,S
597,1,2,Passenger_597,male,31.2,0,0,20.4,S
598,0,1,Passenger_598,male,0.0,1,4,24.79,C
599,0,1,Passenger_599,male,27.4,0,4,17.71,S
600,0,3,Passenger_600,male,7.2,0,0,35.62,S
601,0,1,Passenger_601,,46.9,0,3,77.28,S
602,0,2,Passenger_602,male,40.9,3,0,95.79,Q
603,0,1,Passenger_603,female,36.5,3,1,22.73,S
604,0,2,Passenger_604,male,51.3,4,4,38.65,C
605,0,1,Passenger_605,Male ,16.7,1,1,59.08,C
606,0,3,Passenger_606,male,54.5,2,4,56.08,S
607,0,1,Passenger_607,male,43.1,2,4,107.0,S
608,0,3,Passenger_608,male,26.7,2,2,10.32,S
609,0,1,Passenger_609,female,45.9,0,1,27.67,S
610,1,3,Passenger_610,male,150.0,3,1,111.87,C
611,0,3,Passenger_611,female,18.5,1,2,72.6,S
612,1,3,Passenger_612,male,21.5,0,3,32.86,C
613,1,3,Passenger_613,male,22.6,3,1,55.15,C
614,0,2,Passenger_614,female,15.2,3,0,57.3,S
615,1,2,Passenger_615,male,47.1,1,2,32.13,S
616,1,3,Passenger_616,male,26.4,1,1,54.25,Q
617,0,3,Passenger_617,male,34.9,1,3,60.64,S
618,0,3,Passenger_618,male,22.0,0,1,,C
619,1,3,Passenger_619,female,4.5,4,4,78.9,C
620,1,3,Passenger_620,male,33.8,1,0,102.18,S
621,0,3,Passenger_621,Male ,3.2,4,2,9.69,C
622,0,1,Passenger_622,female,29.0,0,4,39.58,S
623,0,3,Passenger_623,male,10.8,4,3,57.27,C
624,0,3,Passenger_624,female,57.8,2,4,7.63,S
625,0,1,Passenger_625,male,42.8,4,4,85.46,C
626,0,3,Passenger_626,female,31.5,1,3,69.27,C
627,0,1,Passenger_627,male,47.7,0,4,38.99,
628,1,3,Passenger_628,female,18.2,1,2,44.5,S
629,0,1,Passenger_629,,37.6,2,1,87.62,C
630,0,3,Passenger_630,male,32.8,1,4,26.14,S
631,1,3,Passenger_631,male,33.7,1,2,88.83,S
632,1,2,Passenger_632,female,47.8,1,1,42.44,S
633,0,3,Passenger_633,male,40.3,3,1,72.68,S
634,0,3,Passenger_634,male,34.0,2,4,52.6,C
635,0,3,Passenger_635,female,6.8,1,2,117.0,S
636,0,1,Passenger_636,female,16.6,1,4,23.38,S
637,0,2,Passenger_637,female,28.3,1,3,32.8,S
638,0,1,Passenger_638,female,31.3,0,1,4.82,S
639,0,3,Passenger_639,female,14.2,3,4,17.1,S
640,0,3,Passenger_640,female,63.8,0,1,71.39,S
641,0,3,Passenger_641,male,51.2,3,2,98.0,S
642,0,3,Passenger_642,male,38.4,1,0,74.79,S
643,0,3,Passenger_643,female,31.0,2,4,49.84,C
644,0,3,Passenger_644,Male ,,4,4,23.19,S
645,0,1,Passenger_645,male,16.7,4,1,76.95,C
646,1,3,Passenger_646,male,31.1,1,2,21.54,S
647,0,1,Passenger_647,female,33.6,0,3,9.53,S
648,1,3,Passenger_648,male,12.6,2,2,40.75,S
649,1,3,Passenger_649,male,34.7,3,4,11.02,S
650,0,3,Passenger_650,male,27.8,1,3,,
651,0,1,Passenger_651,male,3.3,2,2,106.58,C
652,0,2,Passenger_652,male,18.0,2,0,3.0,
653,0,2,Passenger_653,male,24.2,3,1,14.36,C
654,1,2,Passenger_654,male,56.4,2,2,52.15,S
655,0,1,Passenger_655,female,37.8,0,2,53.72,S
656,0,3,Passenger_656,male,11.3,0,0,42.96,
657,0,3,Passenger_657,female,36.8,0,4,10.1,S
658,0,2,Passenger_658,female,8.3,2,1,75.45,S
659,1,2,Passenger_659,male,45.2,0,2,36.71,S
660,0,3,Passenger_660,female,23.4,3,3,,S
661,0,3,Passenger_661,male,28.7,2,2,30.66,S
662,1,3,Passenger_662,female,48.6,4,1,79.47,S
663,0,3,Passenger_663,male,12.0,2,2,88.88,C
664,0,3,Passenger_664,female,10.4,3,0,35.99,C
665,0,3,Passenger_665,,21.8,4,2,76.41,S
666,0,3,Passenger_666,male,44.5,2,2,10.14,S
667,0,1,Passenger_667,male,8.7,0,3,57.91,S
668,0,3,Passenger_668,female,0.0,1,0,86.67,S
669,0,1,Passenger_669,female,23.7,1,0,65.55,S
670,0,3,Passenger_670,male,37.7,0,2,122.19,S
671,0,2,Passenger_671,male,46.8,1,3,67.23,S
672,1,3,Passenger_672,male,23.5,1,2,39.04,S
673,0,3,Passenger_673,female,24.2,0,2,135.23,S
674,0,3,Passenger_674,,46.2,0,1,99.01,S
675,0,3,Passenger_675,female,3.8,2,1,,S
676,1,2,Passenger_676,male,24.6,2,3,26.48,Q
677,0,1,Passenger_677,male,32.7,0,4,18.86,S
678,0,2,Passenger_678,male,36.3,3,1,69.37,Q
679,1,1,Passenger_679,male,22.9,1,4,67.13,S
680,1,3,Passenger_680,male,30.5,2,0,66.9,S
681,1,2,Passenger_681,male,0.0,1,1,1.1,S
682,0,3,Passenger_682,female,20.8,4,1,30.86,
683,0,3,Passenger_683,,36.3,0,3,45.52,S
684,1,3,Passenger_684,male,16.2,3,4,4.66,S
685,1,1,Passenger_685,male,30.8,4,1,23.85,Q
686,0,3,Passenger_686,male,36.3,4,1,90.69,S
687,0,3,Passenger_687,male,25.2,4,3,3.38,Q
688,0,3,Passenger_688,male,32.4,0,3,93.66,Q
689,1,3,Passenger_689,male,16.5,2,4,82.73,S
690,0,3,Passenger_690,male,27.1,0,0,41.28,S
691,0,1,Passenger_691,male,38.5,2,0,30.53,S
692,0,3,Passenger_692,male,32.2,4,2,74.95,S
693,0,2,Passenger_693,male,21.8,4,1,26.37,
694,0,1,Passenger_694,male,33.1,3,4,27.86,Q
695,0,2,Passenger_695,female,40.0,2,1,49.28,S
696,0,1,Passenger_696,male,1.3,4,4,13.91,S
697,0,1,Passenger_697,female,46.2,1,4,,
698,0,1,Passenger_698,male,25.3,3,4,40.53,
699,0,3,Passenger_699,female,36.0,0,1,,C
700,0,3,Passenger_700,female,46.8,3,3,25.95,S
701,0,3,Passenger_701,male,,1,1,44.07,S
702,0,2,Passenger_702,female,20.1,2,4,1.6,C
703,0,2,Passenger_703,male,26.0,0,2,77.97,Q
704,0,3,Passenger_704,male,19.0,0,0,56.6,
705,0,2,Passenger_705,female,54.3,2,4,59.26,
706,1,1,Passenger_706,female,18.0,3,2,64.65,S
707,0,3,Passenger_707,male,22.2,4,3,52.34,S
708,1,1,Passenger_708,male,32.9,3,4,35.49,S
709,0,3,Passenger_709,male,13.2,1,2,83.89,
710,1,3,Passenger_710,male,24.5,4,4,54.71,Q
711,1,1,Passenger_711,female,34.4,3,1,45.03,S
712,0,1,Passenger_712,male,25.3,2,2,49.74,
713,0,3,Passenger_713,,28.7,1,1,49.1,Q
714,0,3,Passenger_714,male,,1,1,44.73,S
715,0,1,Passenger_715,male,8.8,1,2,63.38,
716,1,3,Passenger_716,male,34.5,4,0,21.92,S
717,1,1,Passenger_717,male,54.6,0,2,24.12,S
718,1,3,Passenger_718,female,30.3,4,0,66.78,S
719,0,3,Passenger_719,female,33.2,3,4,45.64,S
720,1,1,Passenger_720,male,39.7,0,4,79.14,
721,1,1,Passenger_721,female,12.2,3,2,62.27,S
722,0,1,Passenger_722,female,53.8,0,4,33.42,C
723,0,2,Passenger_723,female,32.8,4,3,67.25,S
724,1,1,Passenger_724,male,52.8,1,1,85.92,S
725,0,3,Passenger_725,male,19.7,2,1,63.41,S
726,1,1,Passenger_726,male,55.5,1,0,69.97,S
727,0,3,Passenger_727,male,40.9,4,4,44.85,S
728,1,3,Passenger_728,male,37.7,0,0,,S
729,0,3,Passenger_729,male,33.3,1,1,32.58,S
730,0,3,Passenger_730,male,26.5,4,1,60.16,C
731,0,2,Passenger_731,female,46.8,3,4,127.09,S
732,1,3,Passenger_732,male,,2,3,66.17,S
733,1,3,Passenger_733,male,2.5,1,3,37.38,S
734,0,2,Passenger_734,female,14.4,0,4,,C
735,0,1,Passenger_735,female,27.4,3,4,47.86,S
736,1,3,Passenger_736,female,34.3,4,0,75.54,C
737,0,3,Passenger_737,female,,2,4,1352.3,S
738,1,1,Passenger_738,male,47.1,0,3,30.54,S
739,0,2,Passenger_739,female,2.7,4,4,30.49,Q
740,0,2,Passenger_740,male,32.0,4,0,54.56,S
741,0,3,Passenger_741,male,4.5,1,0,51.27,S
742,0,3,Passenger_742,,40.6,1,0,63.65,S
743,1,3,Passenger_743,male,28.7,0,0,77.52,S
744,0,1,Passenger_744,,35.9,4,2,131.82,Q
745,0,2,Passenger_745,male,17.9,1,4,6.14,S
746,1,3,Passenger_746,female,47.9,2,1,70.61,C
747,0,1,Passenger_747,male,44.6,2,4,52.95,S
748,0,2,Passenger_748,male,38.2,4,2,5.34,S
749,1,3,Passenger_749,female,28.2,1,0,87.49,Q
750,1,1,Passenger_750,male,38.1,0,2,62.64,S
751,0,3,Passenger_751,male,20.1,0,3,73.99,C
752,1,1,Passenger_752,female,42.0,0,3,0.98,S
753,1,1,Passenger_753,male,53.1,2,4,43.39,C
754,0,2,Passenger_754,male,45.0,1,4,17.62,S
755,0,3,Passenger_755,female,19.8,1,1,114.89,Q
756,1,3,Passenger_756,male,35.1,2,1,84.34,S
757,1,3,Passenger_757,male,,0,3,29.57,S
758,0,3,Passenger_758,female,38.0,0,0,3.9,C
759,1,1,Passenger_759,female,36.3,4,2,55.82,S
760,1,3,Passenger_760,male,,3,1,82.77,S
761,0,3,Passenger_761,male,13.7,1,1,2.05,S
762,0,3,Passenger_762,male,26.0,1,0,22.05,S
763,0,1,Passenger_763,,25.8,1,0,16.83,S
764,1,3,Passenger_764,male,,3,4,76.01,Q
765,0,1,Passenger_765,male,35.4,4,2,38.91,C
766,0,2,Passenger_766,female,33.5,3,0,40.16,S
767,1,3,Passenger_767,male,27.3,0,1,55.24,S
768,1,3,Passenger_768,,19.4,0,1,23.65,S
769,0,2,Passenger_769,male,44.7,1,3,6.69,C
770,1,2,Passenger_770,female,53.2,2,0,91.09,S
771,0,3,Passenger_771,male,23.2,1,4,93.87,S
772,1,3,Passenger_772,male,21.4,2,2,55.39,Q
773,0,3,Passenger_773,female,36.9,3,4,57.56,S
774,0,3,Passenger_774,male,25.0,0,1,87.83,S
775,1,3,Passenger_775,male,28.0,2,4,54.7,
776,0,2,Passenger_776,male,40.4,3,1,37.43,S
777,0,3,Passenger_777,male,3.3,0,1,51.18,S
778,1,2,Passenger_778,male,48.5,2,1,91.8,S
779,1,2,Passenger_779,male,31.0,1,1,51.6,
780,1,3,Passenger_780,male,,1,1,29.92,S
781,1,1,Passenger_781,male,28.8,1,3,54.41,Q
782,0,3,Passenger_782,female,29.5,3,4,69.69,S
783,0,3,Passenger_783,,5.8,1,3,66.09,S
784,0,3,Passenger_784,female,50.9,4,3,66.58,S
785,0,3,Passenger_785,female,30.6,0,0,,C
786,1,3,Passenger_786,male,36.2,3,0,73.1,S
787,0,3,Passenger_787,female,43.3,1,0,50.85,S
788,0,3,Passenger_788,,,0,2,28.65,S
789,0,1,Passenger_789,female,36.6,2,0,72.86,S
790,1,3,Passenger_790,female,26.3,1,4,36.39,S
791,0,1,Passenger_791,female,41.9,0,3,2.77,S
792,0,3,Passenger_792,female,0.2,4,4,19.98,S
793,0,3,Passenger_793,male,28.6,2,0,44.55,S
794,0,3,Passenger_794,male,21.6,4,2,67.35,S
795,0,1,Passenger_795,male,36.1,0,2,24.08,Q
796,1,1,Passenger_796,male,36.6,4,3,,C
797,1,3,Passenger_797,male,20.1,0,4,13.5,S
798,0,1,Passenger_798,male,20.0,0,1,79.46,S
799,1,1,Passenger_799,female,28.5,4,4,101.52,S
800,1,1,Passenger_800,male,17.4,0,0,98.28,S
801,1,3,Passenger_801,female,41.8,1,1,78.95,S
802,0,3,Passenger_802,female,24.8,0,2,75.88,S
803,0,2,Passenger_803,female,0.0,3,3,12.16,S
804,0,2,Passenger_804,female,24.8,0,3,55.32,S
805,0,2,Passenger_805,male,15.5,3,2,,S
806,1,3,Passenger_806,female,7.2,0,0,76.41,S
807,1,3,Passenger_807,female,12.7,0,2,26.13,S
808,1,1,Passenger_808,male,31.5,4,0,55.79,C
809,0,1,Passenger_809,male,48.6,1,1,43.57,S
810,0,1,Passenger_810,female,34.4,1,2,83.55,Q
811,1,3,Passenger_811,male,21.5,2,0,96.44,
812,1,3,Passenger_812,male,36.4,4,1,22.13,C
813,0,2,Passenger_813,female,23.6,4,2,23.49,S
814,1,1,Passenger_814,male,20.3,1,3,56.91,S
815,1,1,Passenger_815,male,13.8,4,2,,S
816,0,3,Passenger_816,female,5.5,1,4,51.8,S
817,0,2,Passenger_817,male,24.5,4,2,11.63,S
818,0,3,Passenger_818,male,32.2,0,4,31.82,S
819,0,3,Passenger_819,male,28.6,1,1,56.08,S
820,0,2,Passenger_820,male,24.2,1,2,,S
821,1,1,Passenger_821,female,16.8,3,1,28.88,S
822,0,1,Passenger_822,male,38.5,4,1,31.23,S
823,0,3,Passenger_823,male,11.6,4,0,20.55,C
824,0,3,Passenger_824,male,40.9,1,1,84.24,S
825,0,3,Passenger_825,,16.0,0,1,,S
826,1,3,Passenger_826,female,19.5,0,2,36.06,C
827,0,1,Passenger_827,female,9.5,0,2,35.2,S
828,0,3,Passenger_828,male,23.0,4,3,1.82,S
829,1,3,Passenger_829,male,,3,0,24.1,
830,0,2,Passenger_830,male,37.2,1,1,86.84,C
831,0,3,Passenger_831,,43.7,2,0,13.72,S
832,0,3,Passenger_832,female,37.3,3,4,21.09,C
833,0,3,Passenger_833,male,14.5,2,1,10.02,C
834,0,3,Passenger_834,male,25.4,3,0,47.28,S
835,0,3,Passenger_835,male,19.1,0,3,106.56,S
836,0,3,Passenger_836,female,48.6,4,3,1352.3,S
837,1,1,Passenger_837,female,13.2,2,1,52.0,C
838,0,2,Passenger_838,male,42.5,3,4,26.14,S
839,0,3,Passenger_839,female,42.5,4,3,48.15,C
840,1,1,Passenger_840,male,55.6,2,3,86.87,S
841,0,2,Passenger_841,male,24.3,1,4,54.29,S
842,1,2,Passenger_842,female,40.0,3,0,113.95,S
843,0,2,Passenger_843,female,61.9,1,3,87.78,C
844,1,3,Passenger_844,female,21.4,0,2,47.41,S
845,0,3,Passenger_845,male,8.5,1,3,46.83,S
846,0,2,Passenger_846,male,3.7,1,0,98.93,Q
847,0,1,Passenger_847,female,40.0,3,0,54.12,C
848,1,1,Passenger_848,male,3.6,0,1,92.27,S
849,0,3,Passenger_849,male,24.8,1,2,110.09,S
850,0,3,Passenger_850,male,36.1,4,0,43.87,S
851,0,2,Passenger_851,female,32.6,2,4,60.56,S
852,1,3,Passenger_852,male,36.0,1,2,79.4,S
853,0,3,Passenger_853,male,33.1,0,2,73.03,S
854,1,3,Passenger_854,female,47.9,1,4,72.81,C
855,0,3,Passenger_855,male,16.7,2,3,10.0,C
856,0,2,Passenger_856,male,20.5,0,4,24.55,S
857,0,3,Passenger_857,male,19.2,3,4,35.14,S
858,0,3,Passenger_858,male,41.6,0,3,86.43,S
859,0,3,Passenger_859,male,42.6,3,3,12.94,S
860,0,3,Passenger_860,male,36.3,0,3,95.7,S
861,1,3,Passenger_861,female,46.6,2,3,73.4,S
862,0,3,Passenger_862,male,,2,3,84.63,Q
863,0,1,Passenger_863,female,53.3,0,4,22.11,S
864,0,3,Passenger_864,male,51.3,1,1,52.17,S
865,0,3,Passenger_865,male,40.3,2,1,58.97,Q
866,0,3,Passenger_866,male,54.9,3,0,57.65,S
867,0,1,Passenger_867,male,6.8,3,1,58.87,S
868,0,1,Passenger_868,female,22.7,4,1,41.7,C
869,1,1,Passenger_869,male,19.7,3,4,54.06,C
870,1,3,Passenger_870,male,,4,3,81.01,S
871,0,3,Passenger_871,female,15.3,0,3,15.0,S
872,0,1,Passenger_872,female,40.6,0,4,96.41,S
873,1,3,Passenger_873,female,49.2,0,1,79.46,Q
874,0,3,Passenger_874,male,39.7,1,4,21.04,C
875,0,3,Passenger_875,female,34.0,1,0,61.52,Q
876,0,3,Passenger_876,male,16.2,4,3,77.04,C
877,1,3,Passenger_877,male,18.1,3,2,12.94,C
878,1,3,Passenger_878,male,47.5,3,0,51.26,S
879,0,2,Passenger_879,male,40.9,0,0,47.64,S
880,0,3,Passenger_880,male,29.5,2,4,30.63,S
881,0,3,Passenger_881,male,24.1,1,1,52.77,C
882,1,3,Passenger_882,female,1.6,1,3,31.99,Q
883,0,3,Passenger_883,male,15.0,0,2,91.23,
884,0,3,Passenger_884,male,56.8,1,0,31.2,S
885,1,1,Passenger_885,male,12.1,0,2,73.76,S
886,0,3,Passenger_886,female,32.7,4,1,0.34,S
887,1,1,Passenger_887,male,44.1,3,1,45.15,S
888,0,2,Passenger_888,male,12.4,2,2,50.37,S
889,0,3,Passenger_889,female,32.6,3,3,44.17,S
890,0,3,Passenger_890,female,43.1,3,1,,S
891,1,1,Passenger_891,male,30.2,4,2,29.97,Q
892,1,2,Passenger_892,female,70.2,1,0,72.64,S
893,1,3,Passenger_893,female,6.6,2,2,79.98,C
894,0,1,Passenger_894,female,44.8,1,2,47.54,S
895,1,3,Passenger_895,,27.6,3,4,17.1,S
896,0,3,Passenger_896,female,40.8,0,1,103.82,S
897,0,3,Passenger_897,male,36.2,3,3,23.61,S
898,1,1,Passenger_898,male,19.7,1,3,6.22,S
899,0,2,Passenger_899,male,33.2,3,4,10.38,S
900,0,3,Passenger_900,male,4.0,0,3,52.98,Q
901,0,3,Passenger_901,male,38.4,4,2,43.48,Q
902,0,1,Passenger_902,female,34.2,1,4,80.93,S
903,0,3,Passenger_903,male,38.9,3,0,68.33,S
904,0,1,Passenger_904,male,44.8,1,1,58.71,S
905,0,3,Passenger_905,,35.1,4,1,41.86,S
906,1,1,Passenger_906,male,32.1,3,1,83.3,S
907,1,3,Passenger_907,female,17.7,3,2,106.02,C
908,0,2,Passenger_908,male,20.0,1,0,80.27,S
909,0,2,Passenger_909,male,46.6,1,4,36.09,C
910,0,1,Passenger_910,Male ,50.1,0,4,73.45,S
911,0,2,Passenger_911,male,26.7,4,1,37.94,C
912,0,3,Passenger_912,male,30.6,0,0,16.85,S
913,1,3,Passenger_913,female,17.3,3,0,23.03,C
914,0,2,Passenger_914,female,,1,0,39.25,S
915,0,3,Passenger_915,male,39.3,3,3,53.12,S
916,0,3,Passenger_916,female,57.2,3,3,111.82,S
917,0,3,Passenger_917,female,17.7,2,1,23.55,S
918,1,3,Passenger_918,female,24.7,2,0,89.7,S
919,1,2,Passenger_919,male,33.2,3,0,40.48,S
920,0,2,Passenger_920,male,39.1,1,4,10.49,
921,1,3,Passenger_921,male,27.0,3,4,34.83,Q
922,0,1,Passenger_922,female,17.8,2,1,85.3,S
923,1,3,Passenger_923,female,42.3,1,0,,
924,1,2,Passenger_924,male,40.1,3,1,62.13,Q
925,0,3,Passenger_925,male,17.2,4,4,,S
926,0,1,Passenger_926,female,49.0,4,4,18.91,S
927,0,3,Passenger_927,female,46.4,3,3,18.45,S
928,0,3,Passenger_928,female,31.9,1,1,17.91,S
929,1,3,Passenger_929,,31.1,3,1,76.31,Q
930,0,1,Passenger_930,male,37.8,3,0,66.87,C
931,0,3,Passenger_931,male,17.9,2,0,71.72,S
932,1,3,Passenger_932,,30.4,4,3,14.51,S
933,1,3,Passenger_933,male,0.0,2,2,1.87,C
934,0,3,Passenger_934,male,42.3,2,2,10.41,S
935,0,3,Passenger_935,female,8.1,3,2,22.32,S
936,0,3,Passenger_936,male,51.0,2,1,96.62,S
937,0,2,Passenger_937,female,25.4,4,1,80.0,S
938,1,3,Passenger_938,male,27.0,2,4,36.25,S
939,0,3,Passenger_939,female,21.2,4,1,58.98,S
940,0,1,Passenger_940,male,26.0,2,1,29.65,Q
941,0,1,Passenger_941,male,49.9,4,1,60.93,S
942,0,2,Passenger_942,male,0.0,2,3,15.86,S
943,1,3,Passenger_943,male,47.9,2,1,72.51,C
944,1,3,Passenger_944,female,34.7,1,0,24.51,S
945,0,3,Passenger_945,female,,4,0,74.18,S
946,0,3,Passenger_946,male,14.9,4,4,37.18,S
947,0,3,Passenger_947,male,53.5,4,3,26.3,C
948,1,1,Passenger_948,male,16.8,0,0,,s
949,1,2,Passenger_949,male,13.9,2,3,55.31,
950,0,2,Passenger_950,female,45.9,4,3,40.33,
951,0,1,Passenger_951,female,34.7,0,4,72.75,S
952,1,1,Passenger_952,female,16.9,1,3,9.8,S
953,0,3,Passenger_953,female,33.0,4,1,83.21,S
954,1,3,Passenger_954,male,15.6,4,3,45.82,C
955,0,3,Passenger_955,female,45.4,0,4,68.02,S
956,0,3,Passenger_956,female,44.9,2,4,,S
957,0,3,Passenger_957,female,,1,4,38.53,S
958,0,2,Passenger_958,female,35.1,4,0,50.14,S
959,0,3,Passenger_959,male,54.7,2,1,80.91,S
960,1,3,Passenger_960,,30.0,1,0,70.41,C
961,0,1,Passenger_961,male,13.5,3,2,38.23,S
962,0,2,Passenger_962,male,36.3,3,1,59.54,S
963,0,3,Passenger_963,male,59.2,1,3,87.7,S
964,0,2,Passenger_964,female,15.8,0,4,44.0,C
965,0,3,Passenger_965,female,24.9,1,2,40.73,S
966,0,3,Passenger_966,Male ,35.8,1,1,6.69,S
967,1,1,Passenger_967,female,29.2,0,0,41.63,S
968,0,2,Passenger_968,male,16.2,0,4,2.19,C
969,0,2,Passenger_969,female,45.7,2,0,,C
970,0,1,Passenger_970,male,62.5,2,1,79.64,Q
971,1,1,Passenger_971,male,32.7,0,1,13.59,S
972,1,3,Passenger_972,male,17.3,3,2,87.03,
973,1,2,Passenger_973,female,8.3,3,3,40.09,Q
974,0,3,Passenger_974,female,33.6,1,0,49.19,C
975,0,2,Passenger_975,male,,4,2,34.93,S
976,0,3,Passenger_976,male,36.7,1,4,1.4,s
977,0,2,Passenger_977,female,30.0,1,3,26.51,S
978,0,2,Passenger_978,male,21.8,4,2,112.92,Q
979,0,3,Passenger_979,female,14.7,0,0,17.12,S
980,0,3,Passenger_980,female,41.7,3,1,2.34,S
981,0,1,Passenger_981,male,42.8,1,4,54.24,S
982,1,3,Passenger_982,male,8.4,4,0,47.43,S
983,0,3,Passenger_983,female,52.3,2,3,40.3,S
984,0,3,Passenger_984,female,,1,3,50.43,S
985,1,1,Passenger_985,male,49.6,3,1,69.33,S
986,0,1,Passenger_986,female,11.2,0,1,32.39,S
987,1,3,Passenger_987,male,10.9,1,4,55.83,S
988,0,3,Passenger_988,male,27.9,1,4,80.72,S
989,0,2,Passenger_989,female,37.0,4,1,20.14,S
990,1,3,Passenger_990,female,55.1,2,1,19.67,S
991,1,3,Passenger_991,male,39.9,2,3,70.12,S
992,1,1,Passenger_992,female,26.6,0,1,125.09,Q
993,0,3,Passenger_993,male,15.6,3,2,49.78,Q
994,0,1,Passenger_994,male,47.2,0,0,56.06,S
995,0,3,Passenger_995,male,16.5,1,1,41.13,s
996,0,3,Passenger_996,female,52.8,1,4,97.64,S
997,1,3,Passenger_997,male,26.0,2,2,47.67,C
998,0,1,Passenger_998,male,52.3,3,4,44.4,S
999,1,1,Passenger_999,male,39.5,4,2,77.33,S
1000,0,2,Passenger_1000,female,28.1,3,1,35.47,S
